Username,Password
sscsHearing_manager401@justice.gov.uk,Password12
sscsHearing_manager301@justice.gov.uk,Password12
sscsHearing_manager302@justice.gov.uk,Password12
sscsHearing_manager303@justice.gov.uk,Password12
sscsHearing_manager304@justice.gov.uk,Password12
sscsHearing_manager305@justice.gov.uk,Password12
sscsHearing_manager306@justice.gov.uk,Password12
sscsHearing_manager307@justice.gov.uk,Password12
sscsHearing_manager308@justice.gov.uk,Password12
sscsHearing_manager309@justice.gov.uk,Password12
sscsHearing_manager310@justice.gov.uk,Password12
sscsHearing_manager311@justice.gov.uk,Password12
sscsHearing_manager312@justice.gov.uk,Password12
sscsHearing_manager313@justice.gov.uk,Password12
sscsHearing_manager314@justice.gov.uk,Password12
sscsHearing_manager315@justice.gov.uk,Password12
sscsHearing_manager316@justice.gov.uk,Password12
sscsHearing_manager317@justice.gov.uk,Password12
sscsHearing_manager318@justice.gov.uk,Password12
sscsHearing_manager319@justice.gov.uk,Password12
sscsHearing_manager320@justice.gov.uk,Password12
sscsHearing_manager321@justice.gov.uk,Password12
sscsHearing_manager322@justice.gov.uk,Password12
sscsHearing_manager323@justice.gov.uk,Password12
sscsHearing_manager324@justice.gov.uk,Password12
sscsHearing_manager325@justice.gov.uk,Password12
sscsHearing_manager326@justice.gov.uk,Password12
sscsHearing_manager327@justice.gov.uk,Password12
sscsHearing_manager328@justice.gov.uk,Password12
sscsHearing_manager329@justice.gov.uk,Password12
sscsHearing_manager330@justice.gov.uk,Password12
sscsHearing_manager331@justice.gov.uk,Password12
sscsHearing_manager332@justice.gov.uk,Password12
sscsHearing_manager333@justice.gov.uk,Password12
sscsHearing_manager334@justice.gov.uk,Password12
sscsHearing_manager335@justice.gov.uk,Password12
sscsHearing_manager336@justice.gov.uk,Password12
sscsHearing_manager337@justice.gov.uk,Password12
sscsHearing_manager338@justice.gov.uk,Password12
sscsHearing_manager339@justice.gov.uk,Password12
sscsHearing_manager340@justice.gov.uk,Password12
sscsHearing_manager341@justice.gov.uk,Password12
sscsHearing_manager342@justice.gov.uk,Password12
sscsHearing_manager343@justice.gov.uk,Password12
sscsHearing_manager344@justice.gov.uk,Password12
sscsHearing_manager345@justice.gov.uk,Password12
sscsHearing_manager346@justice.gov.uk,Password12
sscsHearing_manager347@justice.gov.uk,Password12
sscsHearing_manager348@justice.gov.uk,Password12
sscsHearing_manager349@justice.gov.uk,Password12
sscsHearing_manager350@justice.gov.uk,Password12
sscsHearing_manager351@justice.gov.uk,Password12
sscsHearing_manager352@justice.gov.uk,Password12
sscsHearing_manager353@justice.gov.uk,Password12
sscsHearing_manager354@justice.gov.uk,Password12
sscsHearing_manager355@justice.gov.uk,Password12
sscsHearing_manager356@justice.gov.uk,Password12
sscsHearing_manager357@justice.gov.uk,Password12
sscsHearing_manager358@justice.gov.uk,Password12
sscsHearing_manager359@justice.gov.uk,Password12
sscsHearing_manager360@justice.gov.uk,Password12
sscsHearing_manager361@justice.gov.uk,Password12
sscsHearing_manager362@justice.gov.uk,Password12
sscsHearing_manager363@justice.gov.uk,Password12
sscsHearing_manager364@justice.gov.uk,Password12
sscsHearing_manager365@justice.gov.uk,Password12
sscsHearing_manager366@justice.gov.uk,Password12
sscsHearing_manager367@justice.gov.uk,Password12
sscsHearing_manager368@justice.gov.uk,Password12
sscsHearing_manager369@justice.gov.uk,Password12
sscsHearing_manager370@justice.gov.uk,Password12
sscsHearing_manager371@justice.gov.uk,Password12
sscsHearing_manager372@justice.gov.uk,Password12
sscsHearing_manager373@justice.gov.uk,Password12
sscsHearing_manager374@justice.gov.uk,Password12
sscsHearing_manager375@justice.gov.uk,Password12
sscsHearing_manager376@justice.gov.uk,Password12
sscsHearing_manager377@justice.gov.uk,Password12
sscsHearing_manager378@justice.gov.uk,Password12
sscsHearing_manager379@justice.gov.uk,Password12
sscsHearing_manager380@justice.gov.uk,Password12
sscsHearing_manager381@justice.gov.uk,Password12
sscsHearing_manager382@justice.gov.uk,Password12
sscsHearing_manager383@justice.gov.uk,Password12
sscsHearing_manager384@justice.gov.uk,Password12
sscsHearing_manager385@justice.gov.uk,Password12
sscsHearing_manager386@justice.gov.uk,Password12
sscsHearing_manager387@justice.gov.uk,Password12
sscsHearing_manager388@justice.gov.uk,Password12
sscsHearing_manager389@justice.gov.uk,Password12
sscsHearing_manager390@justice.gov.uk,Password12
sscsHearing_manager391@justice.gov.uk,Password12
sscsHearing_manager392@justice.gov.uk,Password12
sscsHearing_manager393@justice.gov.uk,Password12
sscsHearing_manager394@justice.gov.uk,Password12
sscsHearing_manager395@justice.gov.uk,Password12
sscsHearing_manager396@justice.gov.uk,Password12
sscsHearing_manager397@justice.gov.uk,Password12
sscsHearing_manager398@justice.gov.uk,Password12
sscsHearing_manager399@justice.gov.uk,Password12
sscsHearing_manager400@justice.gov.uk,Password12
