IDAMID,IDAMUsername
64703119-d1e5-4919-ae81-8c08e8364d53,sscsHearing_manager501@justice.gov.uk
9d40e749-9b4f-4836-a50c-bd30318b378f,sscsHearing_manager401@justice.gov.uk
0deda211-7c40-4452-b91c-303d684daf80,a
fa4ceee9-c231-41d3-8fa3-b888c1ad3913,sscsHearing_manager301@justice.gov.uk
8cdf986d-bc94-4052-a782-52eec37c9d8c,sscsHearing_manager302@justice.gov.uk
6f0a51f7-05be-43ba-af8f-69d1a54bd5f1,sscsHearing_manager303@justice.gov.uk
a0940841-c7c9-45b0-961c-69ce4c7de559,sscsHearing_manager304@justice.gov.uk
40f50f54-9d57-4830-8ef6-1c2417292d71,sscsHearing_manager305@justice.gov.uk
adba98b8-cf02-4d8b-b21d-9ca5b3d66a22,sscsHearing_manager306@justice.gov.uk
75a88fa8-0f5d-4cb9-ae89-ba4872cca5cc,sscsHearing_manager307@justice.gov.uk
1bb11249-9f5e-415b-a6c5-8d7fb952231e,sscsHearing_manager308@justice.gov.uk
414bf61a-63dd-4fa9-b41c-ee41348fe34e,sscsHearing_manager309@justice.gov.uk
7d7fb188-c50d-42e6-801c-3f30d201737d,sscsHearing_manager310@justice.gov.uk
ee9614e7-7aaa-43ef-b7b1-b013432afffd,sscsHearing_manager311@justice.gov.uk
f4c3eda4-1057-41f0-b0a4-de648aae8f2f,sscsHearing_manager312@justice.gov.uk
f000c30b-03ab-47eb-8b7e-271278137088,sscsHearing_manager313@justice.gov.uk
b9f06a0c-236a-4fc9-8eea-6750b51371c2,sscsHearing_manager314@justice.gov.uk
1c32049c-ad1d-47c5-8279-badd15c784cc,sscsHearing_manager315@justice.gov.uk
e0259d52-9552-4fed-9125-b7dd6228264c,sscsHearing_manager316@justice.gov.uk
c2b8cb58-6ce8-42f0-8e8c-316836887e06,sscsHearing_manager317@justice.gov.uk
13bf2f0e-1341-424a-b456-8ad7d0457640,sscsHearing_manager318@justice.gov.uk
b058eeb4-ae05-4b29-8a9f-79da5e5011b2,sscsHearing_manager319@justice.gov.uk
d82e197b-6807-4b32-905d-518587760a1f,sscsHearing_manager320@justice.gov.uk
fec1a79f-7876-4c17-b60d-85f957bbf3e4,sscsHearing_manager321@justice.gov.uk
ed3fbab2-b302-4bac-a78a-bb8e60ad4e8b,sscsHearing_manager322@justice.gov.uk
28ba8b27-0753-4cbd-b43d-549d6007a8d1,sscsHearing_manager323@justice.gov.uk
3f9019b3-4cf8-44c8-ae19-a7942b12d2d9,sscsHearing_manager324@justice.gov.uk
74d432a2-6765-472f-bd8c-2daa112d843c,sscsHearing_manager325@justice.gov.uk
0e46d8c3-a734-48d7-ba33-95b4bc6fc6cb,sscsHearing_manager326@justice.gov.uk
445d77cf-37ef-4ce4-a588-39ef792c729b,sscsHearing_manager327@justice.gov.uk
9f8ce952-79e2-47e2-8015-b66e76da6753,sscsHearing_manager328@justice.gov.uk
317acae3-1fa6-4b9c-b80b-21d3a1bd0ae2,sscsHearing_manager329@justice.gov.uk
d4f2b989-5555-4996-9a7d-bd78087f132f,sscsHearing_manager330@justice.gov.uk
e3fe150a-2427-4092-b587-d024d936f7be,sscsHearing_manager331@justice.gov.uk
94c4968c-8678-4ee2-94bf-3922f2a23728,sscsHearing_manager332@justice.gov.uk
163d1f53-1e25-49ce-b789-dae6b114c507,sscsHearing_manager333@justice.gov.uk
f499c9b0-4349-4c22-9ffc-794c66ce2543,sscsHearing_manager334@justice.gov.uk
988994f3-7b73-4e72-bb1b-da58db92eac0,sscsHearing_manager335@justice.gov.uk
05719569-7968-4d45-9e03-033262924332,sscsHearing_manager336@justice.gov.uk
41dcd572-907d-4b19-baf5-e7293ab15b87,sscsHearing_manager337@justice.gov.uk
a79c8b45-5dfa-4b50-9c82-f1c0d6df7fe2,sscsHearing_manager338@justice.gov.uk
2096a8a7-1df4-45b8-91d4-065caf38df42,sscsHearing_manager339@justice.gov.uk
5ccdf2d1-175b-4032-bf41-6073c515467e,sscsHearing_manager340@justice.gov.uk
ac571edf-9510-4656-8edc-e835d5eeae06,sscsHearing_manager341@justice.gov.uk
c2bdc13c-bda5-4007-a0a4-7a0961d33520,sscsHearing_manager342@justice.gov.uk
e725482a-2ac3-476a-a19a-a842de5f61fd,sscsHearing_manager343@justice.gov.uk
4f89b1df-9373-426e-8a09-640bcae5732a,sscsHearing_manager344@justice.gov.uk
e77a308e-6667-4c0f-951c-29da174a1dcc,sscsHearing_manager345@justice.gov.uk
b8d6f08b-06b1-4266-995b-81399fbcc073,sscsHearing_manager346@justice.gov.uk
ea1bc6e5-c711-4320-9351-2ac69d784643,sscsHearing_manager347@justice.gov.uk
28b6a8b6-e5af-4783-95de-b2a4a98ff62d,sscsHearing_manager348@justice.gov.uk
dbed4f0e-6f58-4c9a-9093-2093300248f9,sscsHearing_manager349@justice.gov.uk
3535e716-a8e8-4ba4-976d-076993bb28ab,sscsHearing_manager350@justice.gov.uk
e45089a4-ae06-4cb1-ba0f-c880e9519188,sscsHearing_manager351@justice.gov.uk
7c7056cc-fc5a-4ab0-acc6-e1ff7837d7a1,sscsHearing_manager352@justice.gov.uk
3a90058a-9a30-4121-9406-e865175ad751,sscsHearing_manager353@justice.gov.uk
2ebfb217-84dc-49e5-b59b-20dc0c3584d1,sscsHearing_manager354@justice.gov.uk
46d7b1f3-e623-4610-b47f-8afb39a575e8,sscsHearing_manager355@justice.gov.uk
6dec06d9-e783-4420-816e-21711bda01bf,sscsHearing_manager356@justice.gov.uk
7b4ffc28-a5f0-4d07-bd52-c8d3ece1ea3a,sscsHearing_manager357@justice.gov.uk
edecc9fb-0d37-4e5d-ad87-8dbda7b720b7,sscsHearing_manager358@justice.gov.uk
39c23e24-37e4-4f70-adea-0335b01d51e2,sscsHearing_manager359@justice.gov.uk
db0c8c41-9b41-4e2b-aff4-caf05c0195ec,sscsHearing_manager360@justice.gov.uk
0d4a4f29-c661-4583-848e-a5b8e914edcf,sscsHearing_manager361@justice.gov.uk
135ee650-8614-4a73-a662-c14f1797f67c,sscsHearing_manager362@justice.gov.uk
4a865698-1358-4438-a58a-c35cde0d5a37,sscsHearing_manager363@justice.gov.uk
3ca1bed1-190f-489b-b765-afdb9438b384,sscsHearing_manager364@justice.gov.uk
d93848e6-97d1-4f59-8b5b-b6f6827fe4a2,sscsHearing_manager365@justice.gov.uk
10769386-85bb-4649-84d8-82da0f28186c,sscsHearing_manager366@justice.gov.uk
159ec182-54a3-47d5-92bd-81f09618344f,sscsHearing_manager367@justice.gov.uk
a7901cdb-542a-43bc-b1e3-9ab029cae80c,sscsHearing_manager368@justice.gov.uk
9215204f-7fcf-4333-8c40-f808518abc75,sscsHearing_manager369@justice.gov.uk
03af068e-ecac-4980-babc-f822bcb3557d,sscsHearing_manager370@justice.gov.uk
1e5e32b1-44f3-4609-9a2a-7bf56df75839,sscsHearing_manager371@justice.gov.uk
3c07538c-8fba-4607-bd11-c16cf90bfcc6,sscsHearing_manager372@justice.gov.uk
bf7fc1ff-2b61-45fa-9794-ede1c6b4092f,sscsHearing_manager373@justice.gov.uk
554f8923-fa8d-4af7-ad1d-45190b15950a,sscsHearing_manager374@justice.gov.uk
26eaaac3-e6b7-48fb-8470-bec748d115a7,sscsHearing_manager375@justice.gov.uk
3a80507a-0c96-4e8d-9298-dd1c9196f0e2,sscsHearing_manager376@justice.gov.uk
466c7b91-c606-4306-a893-ab4b38444354,sscsHearing_manager377@justice.gov.uk
e2c0256d-e983-4a56-b197-efff20d95f50,sscsHearing_manager378@justice.gov.uk
d0de68d8-b97b-4273-b625-fab5c7556104,sscsHearing_manager379@justice.gov.uk
3a8f6107-5e72-457b-ba7a-eb32786024ba,sscsHearing_manager380@justice.gov.uk
3d6a7b03-b0a1-4300-ba53-831a1668c701,sscsHearing_manager381@justice.gov.uk
b84ca197-2fe8-48f9-870c-67956cf9208a,sscsHearing_manager382@justice.gov.uk
348cd66c-169c-4d5f-91a5-fde82ec5a162,sscsHearing_manager383@justice.gov.uk
e19be03e-cd7a-4174-8a08-556d6e51e7ec,sscsHearing_manager384@justice.gov.uk
8b66cd86-bc2e-4a93-a980-5e35cdba526a,sscsHearing_manager385@justice.gov.uk
a3a9e54e-c856-4475-a4a6-07e8cf2b4ebc,sscsHearing_manager386@justice.gov.uk
ee26816d-6135-4d82-a0d8-b18da14187e9,sscsHearing_manager387@justice.gov.uk
48d740f8-3e2b-452f-a138-3ae989d8f9b3,sscsHearing_manager388@justice.gov.uk
61310426-c9f8-4309-b5ae-448161dee701,sscsHearing_manager389@justice.gov.uk
dda79823-36a5-4261-9616-24b60c150fac,sscsHearing_manager390@justice.gov.uk
73274cac-2d5c-4715-ae84-e9fd68439777,sscsHearing_manager391@justice.gov.uk
07401502-2cd1-46f1-add9-4a47bcfe38a9,sscsHearing_manager392@justice.gov.uk
099cb058-dc75-405b-80a6-8098e5746d12,sscsHearing_manager393@justice.gov.uk
bc1bd1a3-c199-4e2c-88de-94c17863ae8f,sscsHearing_manager394@justice.gov.uk
0d3beb11-e325-41b6-a3ba-a1fe0dc86625,sscsHearing_manager395@justice.gov.uk
0b6f7904-a1df-4f49-97e8-a0e5793f9196,sscsHearing_manager396@justice.gov.uk
604bcf4a-3773-43d2-b6b0-42dc03656c09,sscsHearing_manager397@justice.gov.uk
0597b7a5-f7e3-4e77-a37a-0757358303ee,sscsHearing_manager398@justice.gov.uk
eb00beed-d7f9-45b8-9beb-c4ac18eed5a6,sscsHearing_manager399@justice.gov.uk
d3008d31-9671-41f8-a46d-b3a68b5cb508,sscsHearing_manager400@justice.gov.uk
